"Step","Grouped runs - mean_return","Grouped runs - mean_return__MIN","Grouped runs - mean_return__MAX"
"0","-192.33333333333334","-279","-86"
"1","-206.2","-319","-45"
"2","-244.9","-388","-118"
"3","-235.5","-452","-195"
"4","-262.4","-597","-169"
"5","-298.8","-468","-200"
"6","-253.3","-442","-91"
"7","-275.9","-407","-187"
"8","-274.3","-379","-188"
"9","-241.6","-380","-43"
"10","-208.8","-415","-69"
"11","-174.2","-382","64"
"12","-136.2","-372","63"
"13","-161.6","-342","-34"
"14","-184.9","-376","54"
"15","-149.8","-297","42"
"16","-123.6","-248","41"
"17","-131.1","-239","28"
"18","-92.4","-205","62"
"19","-118.5","-235","38"
"20","-81.5","-211","49"
"21","-77.2","-213","69"
"22","-62.4","-247","105"
"23","-73.5","-254","60"
"24","-109.7","-291","16"
"25","-92.8","-253","49"
"26","-107.4","-277","26"
"27","-94.7","-276","35"
"28","-102.3","-249","47"
"29","-94.3","-259","40"
"30","-71.2","-208","54"
"31","-84","-257","120"
"32","-69.7","-200","131"
"33","-53.6","-209","103"
"34","-64.2","-200","110"
"35","-63","-215","97"
"36","-38.8","-201","233"
"37","-19.9","-205","228"
"38","-14.7","-231","232"
"39","1.3399999999999976","-200","316.4"
"40","35.12","-200","325.2"
"41","57.1","-202","333"
"42","56.1","-200","339"
"43","59.58","-237","378.8"
"44","95.61","-215","364"
"45","84.8","-200","432"
"46","113.17","-200","408.7"
"47","103.28","-203","392.8"
"48","131.43","-200","421.3"
"49","137.64000000000001","-229","406"
"50","139.35","-294","421.5"
"51","137.32999999999998","-356","458.3"
"52","164.26","-356","464.6"
"53","134.6","-382","382"
"54","169.33999999999997","-487","450.8"
"55","163.18","-552","481.8"
"56","156.9","-546","435.8"
"57","186.12","-444","407.2"
"58","187.89000000000001","-513","506.4"
"59","179.35","-421","444.9"
"60","178.1","-543","495"
"61","200.48000000000002","-424","441.1"
"62","172.85999999999999","-504","492.6"
"63","196.4","-305","465.2"
"64","222.1","-200","437"
"65","210.95","-200","419.5"
"66","211.64000000000001","-200","468.1"
"67","229.27999999999997","-200","467.4"
"68","232.24","-200","445.7"
"69","240.86999999999998","-200","462"
"70","237.14000000000001","-200","467.4"
"71","267.8","-200","481.6"
"72","283.29","-200","454.9"
"73","258.38","-200","480.8"
"74","279.78","-200","455"
"75","289.51000000000005","-200","483.6"
"76","308.73","-200","522.6"
"77","291.68999999999994","-200","430.7"
"78","297.71","-200","468.4"
"79","312.71","-200","440"
"80","308.07","-200","437.1"
"81","316.87","-200","492.3"
"82","332.52","-200","464.7"
"83","333.19","-200","471.4"
"84","321.8","-200","406"
"85","326.16999999999996","-200","483.6"
"86","351.08000000000004","-200","486"
"87","327.76000000000005","-200","436"
"88","329.25","-200","443.1"
"89","346.13","-200","446.7"
"90","360.79","-200","513.4"
"91","344.84000000000003","-200","465.5"
"92","354.18","-200","442"
"93","349.83000000000004","-200","455"
"94","357.35","-200","481"
"95","346.96000000000004","-200","480"
"96","367.16","-200","506.9"
"97","364.91999999999996","-200","480.6"
"98","348.18","-200","457"
"99","365.88","-200","488.8"
"100","365.38","-200","510.8"
"101","386","-200","507.5"
"102","388.84000000000003","-200","525.5"
"103","385.27000000000004","-200","495"
"104","384.61","-200","517"
"105","389.29","-200","496"
"106","388.3299999999999","-200","533.3"
"107","401.3","-200","527.7"
"108","405.23999999999995","-200","545.6"
"109","402.07000000000005","-200","514.7"
"110","418.48999999999995","-200","551.7"
"111","396.97","-200","541.4"
"112","402.13","-200","537"
"113","418.06000000000006","-200","560.2"
"114","404.61","-200","527.7"
"115","433.55","-200","562.2"
"116","416.11","-200","546.7"
"117","418.42999999999995","-200","551"
"118","403.83","-200","549"
"119","410.18","-200","553.8"
"120","403.67","-200","539"
"121","412.31000000000006","-200","530.6"
"122","423.28999999999996","-200","551.3"
"123","424.4","-200","550.8"
"124","415.21000000000004","-200","503"
"125","423.23999999999995","-200","576.5"
"126","413.36","-200","544.9"
"127","440.7200000000001","-200","590.3"
"128","447.7299999999999","-200","577"
"129","437.38","-200","577.6"
"130","431.7299999999999","-200","587.1"
"131","445.43999999999994","-200","650.2"
"132","457.78000000000003","-200","599.5"
"133","458.18","-200","638.6"
"134","547.0777777777778","475.8","633.3"
"135","532.5111111111111","448.6","609.8"
"136","556.7555555555555","460.9","634.8"
"137","548.3777777777777","431","653"
"138","542.1444444444445","478.8","638.9"
"139","549.1777777777777","458","625"
"140","561.9444444444445","503.3","672.5"
"141","557.5555555555554","452.7","642.3"
"142","569.2555555555556","491","686.8"
"143","575.1999999999999","470.7","677.9"
"144","556.0444444444444","495.9","651"
"145","569.5555555555555","480.4","706.7"
"146","561.8","463.7","672.6"
"147","567.5222222222224","449.1","706.4"
"148","578.3666666666667","477","683.3"
"149","577.5555555555554","470.2","720.9"
"150","597.4333333333333","503","730.7"
"151","566.2333333333333","379","720"
"152","579.9000000000001","466.5","720.8"
"153","572.0666666666666","451","692.9"
"154","598.0111111111111","482.5","714.6"
"155","585.2444444444444","449.3","730.8"
"156","591.3888888888889","492.8","717.4"
"157","605.9777777777778","489.2","707.8"
"158","588.7222222222222","460.5","734.6"
"159","600.9444444444445","512","715.1"
"160","598.6222222222223","478.4","739.4"
"161","587.588888888889","421","723.2"
"162","614.5999999999999","515.9","730.5"
"163","603.2222222222222","463.7","734.2"
"164","590.2333333333333","452.6","727.2"
"165","628.1888888888889","549.7","734.2"
"166","618.2222222222222","521.1","740.1"
"167","622.8777777777777","514","737.3"
"168","606.9444444444443","483.2","755.3"
"169","619.1444444444444","483.7","734.4"
"170","616.3555555555555","478","710.8"
"171","620.2111111111112","519.4","738.6"
"172","605.7222222222222","481.3","734.8"
"173","619.6888888888889","506.3","740"
"174","620.3333333333335","512.3","739.7"
"175","623.8666666666666","512.4","734.1"
"176","607.9333333333334","463.3","734.5"
"177","612.4222222222222","507","733"
"178","618.9444444444445","474","737"
"179","613.8666666666666","491","741.3"
"180","634.5444444444445","549.6","738.2"
"181","614.6555555555556","517.9","733.6"
"182","616.3444444444444","523.2","739.7"
"183","625.4000000000001","501","742.8"
"184","614.1444444444445","485.1","746.3"
"185","621.7666666666668","492.9","733.7"
"186","615.3888888888889","510.7","746.3"
"187","606.3111111111111","480.9","744.9"
"188","625.0333333333334","504.3","744.8"
"189","610.3999999999999","475.7","741.8"
"190","631.4000000000001","507.1","747.2"
"191","630.7","531","748"
"192","630.7111111111112","497","750.7"
"193","625.7777777777778","509.7","748.4"
"194","637.7888888888889","527.3","750"
"195","623.7444444444444","514.3","750"
"196","625.9333333333333","491","762.7"
"197","649.8777777777779","552.7","750"
"198","634.2111111111111","507.7","750"
"199","629.2333333333333","507.7","746.7"
"200","630.7111111111111","511.4","765.3"
"201","632.3444444444444","508.2","778.4"
"202","629.4444444444445","498.7","766.8"
"203","642.7333333333333","527","768.3"
"204","627.6666666666665","500.5","750"
"205","638.7666666666667","535.8","758.4"
"206","634.1555555555556","533.3","752.2"
"207","640.8222222222222","527.6","759.6"
"208","643.8555555555556","546.1","770"
"209","637.3000000000001","513.9","784.8"
"210","633.7222222222222","478.3","771.2"
"211","641.0666666666666","537","773.7"
"212","647.8888888888889","500.3","763.3"
"213","638.7625","482.6","772.3"
"214","647.2875","507.4","764.9"
"215","650.4875000000001","543.6","783.9"
"216","646.9","530.3","779.8"
"217","648.1125000000001","525.1","783.4"
"218","655.1857142857143","547.3","788.2"
"219","646.2571428571428","509.6","786"
"220","641","526.4","762.8"
"221","642.9142857142857","502.7","789.3"
"222","639.842857142857","529.9","788.1"
"223","642","477.5","788.3"
"224","629.5714285714286","422","787.8"
"225","625.5714285714286","446","788.4"
"226","651.3285714285714","528.6","789.2"
"227","651.5","536.2","785"
"228","627.5999999999998","447.1","787.8"
"229","648.9142857142857","473.7","787.4"
"230","663.4428571428571","541","788.2"
"231","651.4","499","789"
"232","653.8142857142857","538.7","788.3"
"233","658.8285714285713","524.6","789.8"
"234","646.9714285714286","491.5","788.4"
"235","654.2285714285715","513.9","778.7"
"236","669.1285714285715","565.4","786.4"
"237","660.6","544","788.4"
"238","664.1857142857143","536.4","788.3"
"239","661.6142857142858","511.8","790.4"
"240","668.8285714285714","513.6","787.4"
"241","661","523.4","788.9"
"242","655.8285714285714","547.9","788.3"
"243","650","518","790.2"
"244","669.2142857142857","532.1","787.6"
"245","673.1285714285714","568.1","788.8"
"246","666.6857142857143","546.9","786.1"
"247","648.4571428571428","478.2","790.2"
"248","671.8857142857142","524.2","788.3"
"249","671.7857142857143","561","788.4"
"250","656.9","485.3","782.9"
"251","667.2142857142857","582.7","773.5"
"252","651.1428571428571","421","784.2"
"253","672.3142857142857","551.1","790.1"
"254","667.3571428571429","530.4","770.5"
"255","668.9857142857143","532.7","787.4"
"256","662.9142857142858","496.8","782.9"
"257","672.1","497.5","788.9"
"258","655.2428571428571","463.3","788.2"
"259","668.3714285714285","511.2","790.8"
"260","658.4285714285714","501.8","788.9"
"261","666.0142857142857","541.7","782.9"
"262","675.3999999999999","564.3","788.3"
"263","660.6142857142858","530.4","790.8"
"264","676.6000000000001","565.5","787.6"
"265","653.4571428571428","523.1","789.5"
"266","670.6","578.4","787.6"
"267","650.5714285714286","479.6","786.2"
"268","670.8571428571429","563.3","788.2"
"269","671.3142857142857","521.4","788.3"
"270","677.9428571428572","550.8","789"
"271","671.4428571428572","557.9","788.3"
"272","674.3","523.2","787.6"
"273","662.1714285714287","514.9","788.9"
"274","668.2142857142857","549.3","786.9"
"275","670.6142857142858","520.6","788.3"
"276","667.8285714285714","492.5","788.9"
"277","649.2714285714285","452.4","788.3"
"278","675.1428571428571","548.1","789"
"279","669.1142857142858","499.8","789"
"280","682.3142857142858","552.7","789"
"281","657.3857142857142","522","789"
"282","667.1428571428571","468","789.6"
"283","665.6857142857143","525.4","788.3"
"284","650.5857142857143","445.3","787.8"
"285","657.3285714285714","456.8","788.3"
"286","657.8142857142857","516","789"
"287","672.342857142857","538.2","789"
"288","666.2142857142856","544.8","789"
"289","673.4285714285714","541","789"
"290","673.8285714285714","523","789"
"291","672.5857142857143","550.2","789"
"292","668.8999999999999","519.6","789"
"293","668.2857142857143","551","789"
"294","669.3999999999999","481.7","789"
"295","678.6714285714287","539.7","789"
"296","668.8857142857144","510.3","789"
"297","660.8285714285714","491.8","788.3"
"298","680.1","524.2","789"
"299","659.8142857142857","530.4","789"
"300","671.1285714285714","523.9","789"
"301","659.3000000000001","497.8","789"
"302","678.5285714285714","542.4","789"
"303","666.5142857142857","507.9","789"
"304","674.3714285714286","538.6","789"
"305","679.7142857142857","553.9","795"
"306","665.7285714285715","500.9","795"
"307","670.6714285714286","539.4","795"
"308","672.4428571428571","501.9","795"
"309","661.1999999999999","450","795"
"310","670.0857142857143","556.5","795"
"311","669.8142857142857","487.8","795"
"312","670.5285714285714","459.7","794.4"
"313","678.1285714285714","512.1","795"
"314","671.2714285714285","537.2","795"
"315","656.9571428571429","492.9","795"
"316","674.357142857143","515.7","795"
"317","691.4285714285714","577.6","795"
"318","670.9571428571429","511.3","795"
"319","692.7","596.9","795"
"320","690.3428571428573","497.5","795"
"321","673.1428571428571","485.3","795"
"322","690.3","547.2","795"
"323","689.1000000000001","481.3","794.4"
"324","696.1142857142858","537.4","795"
"325","679.4428571428572","520.4","795"
"326","673.4571428571428","433.7","795"
"327","683.7","480.3","795"
"328","702.842857142857","551.5","795"
"329","701.5142857142856","546.1","795"
"330","695.0428571428572","542.5","795"
"331","701.2428571428571","526.8","794.3"
"332","689.3","488.7","795"
"333","702.9714285714286","554.7","795"
"334","701.5714285714286","530.9","795"
"335","687.8571428571429","507.3","795"
"336","694.1857142857143","504.3","795"
"337","689.2285714285714","464.6","795"
"338","694.5142857142856","532","795"
"339","689.1142857142858","523.1","795"
"340","694.0714285714286","567.6","795"
"341","699.0428571428572","549.4","795"
"342","704.9","599.3","795"
"343","698.6857142857143","582.4","795"
"344","698.9","563.5","795"
"345","684.8857142857142","489.2","795"
"346","669.7714285714286","429","795"
"347","704.4571428571428","538.1","795"
"348","698.8142857142858","578.7","795"
"349","693.1999999999999","482.5","795"
"350","693.842857142857","508.1","795"
"351","693.6714285714287","493.1","795"
"352","706.2857142857141","548.6","795"
"353","709.9428571428572","559.7","795"
"354","701.5857142857143","529.5","795"
"355","698.5142857142857","512","795"
"356","697.4285714285714","507.6","795"
"357","711.0428571428572","556.4","795"
"358","702.4571428571429","491.3","795"
"359","703.7857142857143","504.1","795"
"360","710.1","522.1","795"
"361","708.2857142857143","547.7","795"
"362","712.0428571428571","528.5","795"
"363","713.7714285714285","544.3","795"
"364","738.1833333333333","659.9","795"
"365","740.9333333333334","659.2","795"
"366","742.0833333333334","658.3","795"
"367","741.1500000000001","655.1","795"
"368","733.5833333333334","609.2","795"
"369","742.9166666666666","666.1","795"
"370","738.4666666666667","636.6","795"
"371","732.2833333333333","654","795"
"372","736.4666666666667","629.1","795"
"373","742.2333333333332","653.4","795"
"374","744.5999999999999","673.3","795"
"375","741.3666666666667","650.9","795"
"376","738.5500000000001","643.4","795"
"377","741.2666666666665","652.2","795"
"378","738.4833333333335","638.1","795"
"379","736.5499999999998","634.4","795"
"380","743.0166666666668","658.1","795"
"381","750.5333333333334","698.3","795"
"382","731","615.7","795"
"383","746.4833333333332","691.4","795"
"384","741.15","649.4","795"
"385","750.9666666666667","697","795"
"386","761.3599999999999","701.2","795"
"387","759.76","695.5","795"
"388","758.86","698.7","795"
"389","758.5600000000001","696.1","795"
"390","760.5600000000001","701.3","795"
"391","760.38","699.4","795"
"392","756.46","698.8","795"
"393","761.6199999999999","698.4","795"
"394","777.15","753.2","795"
"395","774.775","750","795"
"396","776.5","753.2","795"
"397","776.775","751.6","795"
"398","776.15","753.2","795"
"399","776.7","754.8","795"
"400","777.6","754.8","795"
"401","776.025","753.2","795"
"402","777.025","754.8","795"
"403","776.55","753.2","795"
"404","778","759.6","795"
"405","777.2","755.8","795"
"406","775.8","753.2","795"
"407","778.375","758","795"
"408","776.85","754.8","795"
"409","775.4666666666667","756.4","795"
"410","774.4","753.2","795"
"411","775.2666666666668","755.8","795"
"412","776.5333333333333","759.6","795"
"413","774.9333333333334","754.8","795"
"414","774.4","753.2","795"
"415","774.9333333333334","754.8","795"
"416","775.4666666666667","756.4","795"
"417","774.9333333333334","754.8","795"
"418","774.9333333333334","754.8","795"
"419","775.4666666666667","756.4","795"
"420","774.9333333333334","754.8","795"
"421","774.4","753.2","795"
"422","774.9333333333334","754.8","795"
"423","774.9333333333334","754.8","795"
"424","774.7333333333332","754.2","795"
"425","774.9333333333334","754.8","795"
"426","776","758","795"
"427","774.3333333333334","752.2","795"
"428","774.4","753.2","795"
"429","774.4","753.2","795"
"430","774.9333333333334","754.8","795"
"431","775.8000000000001","757.4","795"
"432","774.4","753.2","795"
"433","775.4666666666667","756.4","795"
"434","774.9333333333334","754.8","795"
"435","774.9333333333334","754.8","795"
"436","775.4666666666667","756.4","795"
"437","774.9333333333334","754.8","795"
"438","764.1","753.2","775"
"439","764.9","754.8","775"
"440","766.2","757.4","775"
"441","764.6","754.2","775"
"442","766.5","758","775"
"443","766.5","758","775"
"444","765.7","756.4","775"
"445","764.9","754.8","775"
"446","766.5","758","775"
"447","764.9","754.8","775"
"448","764.1","753.2","775"
"449","764.1","753.2","775"
"450","764.1","753.2","775"
"451","765.7","756.4","775"
"452","765.7","756.4","775"
"453","774.7","774.7","774.7"
"454","775","775","775"